Time,Open,High,Low,Close,Volume
01.02.2012 01:00:00.000,1.30761,1.30828,1.30740,1.30828,321.03
01.02.2012 01:01:00.000,1.30830,1.30830,1.30804,1.30806,211.94
01.02.2012 01:02:00.000,1.30806,1.30806,1.30720,1.30720,307.14
01.02.2012 01:03:00.000,1.30722,1.30730,1.30645,1.30660,311.42
01.02.2012 01:04:00.000,1.30660,1.30690,1.30649,1.30679,275.89
01.02.2012 01:05:00.000,1.30679,1.30702,1.30678,1.30695,224.69
01.02.2012 01:06:00.000,1.30695,1.30699,1.30662,1.30671,243.34
01.02.2012 01:07:00.000,1.30667,1.30669,1.30648,1.30651,164.11
01.02.2012 01:08:00.000,1.30650,1.30651,1.30635,1.30649,192.71
01.02.2012 01:09:00.000,1.30655,1.30710,1.30654,1.30709,275.19
01.02.2012 01:10:00.000,1.30712,1.30773,1.30710,1.30770,314.94
01.02.2012 01:11:00.000,1.30770,1.30770,1.30730,1.30730,185.96
01.02.2012 01:12:00.000,1.30730,1.30760,1.30728,1.30755,186.11
01.02.2012 01:13:00.000,1.30756,1.30765,1.30749,1.30750,175.82
01.02.2012 01:14:00.000,1.30750,1.30770,1.30743,1.30760,193.97
01.02.2012 01:15:00.000,1.30763,1.30785,1.30763,1.30769,162.78
01.02.2012 01:16:00.000,1.30767,1.30777,1.30764,1.30764,169.07
01.02.2012 01:17:00.000,1.30767,1.30772,1.30749,1.30750,179.60
01.02.2012 01:18:00.000,1.30750,1.30750,1.30728,1.30728,170.24
01.02.2012 01:19:00.000,1.30728,1.30744,1.30716,1.30744,269.23
01.02.2012 01:20:00.000,1.30744,1.30759,1.30738,1.30759,197.24
01.02.2012 01:21:00.000,1.30759,1.30760,1.30743,1.30758,172.83
01.02.2012 01:22:00.000,1.30758,1.30767,1.30672,1.30672,298.29
01.02.2012 01:23:00.000,1.30679,1.30679,1.30638,1.30668,258.55
01.02.2012 01:24:00.000,1.30671,1.30672,1.30650,1.30657,212.19
01.02.2012 01:25:00.000,1.30659,1.30664,1.30629,1.30638,222.08
01.02.2012 01:26:00.000,1.30639,1.30659,1.30631,1.30654,225.34
01.02.2012 01:27:00.000,1.30656,1.30679,1.30643,1.30679,213.50
01.02.2012 01:28:00.000,1.30679,1.30679,1.30644,1.30645,163.41
01.02.2012 01:29:00.000,1.30646,1.30683,1.30642,1.30680,174.90
01.02.2012 01:30:00.000,1.30680,1.30680,1.30660,1.30675,114.45
01.02.2012 01:31:00.000,1.30675,1.30692,1.30669,1.30671,104.14
01.02.2012 01:32:00.000,1.30671,1.30689,1.30669,1.30681,153.87
01.02.2012 01:33:00.000,1.30679,1.30680,1.30649,1.30649,196.98
01.02.2012 01:34:00.000,1.30650,1.30655,1.30638,1.30646,166.84
01.02.2012 01:35:00.000,1.30646,1.30658,1.30645,1.30649,147.68
01.02.2012 01:36:00.000,1.30649,1.30659,1.30646,1.30646,93.99
01.02.2012 01:37:00.000,1.30644,1.30644,1.30567,1.30570,326.13
01.02.2012 01:38:00.000,1.30570,1.30593,1.30570,1.30583,174.87
01.02.2012 01:39:00.000,1.30583,1.30583,1.30528,1.30528,262.37
01.02.2012 01:40:00.000,1.30529,1.30571,1.30529,1.30556,237.49
01.02.2012 01:41:00.000,1.30555,1.30564,1.30527,1.30544,251.46
01.02.2012 01:42:00.000,1.30544,1.30554,1.30542,1.30544,116.95
01.02.2012 01:43:00.000,1.30544,1.30574,1.30543,1.30574,134.36
01.02.2012 01:44:00.000,1.30574,1.30591,1.30574,1.30587,171.83
01.02.2012 01:45:00.000,1.30587,1.30588,1.30570,1.30576,145.54
01.02.2012 01:46:00.000,1.30574,1.30624,1.30574,1.30622,179.30
01.02.2012 01:47:00.000,1.30622,1.30645,1.30608,1.30622,232.82
01.02.2012 01:48:00.000,1.30622,1.30651,1.30622,1.30637,186.29
01.02.2012 01:49:00.000,1.30641,1.30649,1.30622,1.30625,159.29
01.02.2012 01:50:00.000,1.30625,1.30659,1.30625,1.30653,187.13
01.02.2012 01:51:00.000,1.30653,1.30663,1.30653,1.30657,86.74
01.02.2012 01:52:00.000,1.30657,1.30660,1.30639,1.30659,172.75
01.02.2012 01:53:00.000,1.30655,1.30660,1.30654,1.30656,84.12
01.02.2012 01:54:00.000,1.30655,1.30659,1.30651,1.30655,132.09
01.02.2012 01:55:00.000,1.30660,1.30680,1.30656,1.30680,238.65
01.02.2012 01:56:00.000,1.30680,1.30686,1.30680,1.30681,154.82
01.02.2012 01:57:00.000,1.30681,1.30685,1.30670,1.30671,217.36
01.02.2012 01:58:00.000,1.30672,1.30674,1.30660,1.30660,162.84
01.02.2012 01:59:00.000,1.30660,1.30678,1.30652,1.30678,164.70
01.02.2012 02:00:00.000,1.30675,1.30704,1.30666,1.30704,168.75
01.02.2012 02:01:00.000,1.30703,1.30736,1.30703,1.30733,246.98
01.02.2012 02:02:00.000,1.30733,1.30746,1.30733,1.30740,137.47
01.02.2012 02:03:00.000,1.30740,1.30756,1.30738,1.30745,219.68
01.02.2012 02:04:00.000,1.30747,1.30776,1.30747,1.30758,266.08
01.02.2012 02:05:00.000,1.30758,1.30769,1.30753,1.30758,195.85
01.02.2012 02:06:00.000,1.30756,1.30772,1.30743,1.30746,210.47
01.02.2012 02:07:00.000,1.30743,1.30746,1.30732,1.30733,114.32
01.02.2012 02:08:00.000,1.30733,1.30740,1.30709,1.30717,197.63
01.02.2012 02:09:00.000,1.30720,1.30739,1.30715,1.30718,191.79
01.02.2012 02:10:00.000,1.30718,1.30725,1.30712,1.30725,150.90
01.02.2012 02:11:00.000,1.30723,1.30724,1.30706,1.30709,152.63
01.02.2012 02:12:00.000,1.30710,1.30728,1.30707,1.30728,104.06
01.02.2012 02:13:00.000,1.30728,1.30730,1.30726,1.30728,61.10
01.02.2012 02:14:00.000,1.30728,1.30734,1.30719,1.30729,128.97
01.02.2012 02:15:00.000,1.30735,1.30739,1.30719,1.30730,92.67
01.02.2012 02:16:00.000,1.30730,1.30739,1.30730,1.30739,52.39
01.02.2012 02:17:00.000,1.30739,1.30748,1.30732,1.30748,104.64
01.02.2012 02:18:00.000,1.30745,1.30771,1.30741,1.30768,99.20
01.02.2012 02:19:00.000,1.30768,1.30780,1.30765,1.30767,137.84
01.02.2012 02:20:00.000,1.30768,1.30771,1.30764,1.30767,87.34
01.02.2012 02:21:00.000,1.30767,1.30768,1.30759,1.30764,100.29
01.02.2012 02:22:00.000,1.30761,1.30761,1.30716,1.30717,190.09
01.02.2012 02:23:00.000,1.30719,1.30733,1.30717,1.30730,104.59
01.02.2012 02:24:00.000,1.30730,1.30732,1.30723,1.30726,156.02
01.02.2012 02:25:00.000,1.30726,1.30733,1.30726,1.30733,85.77
01.02.2012 02:26:00.000,1.30735,1.30745,1.30735,1.30741,106.61
01.02.2012 02:27:00.000,1.30742,1.30768,1.30742,1.30753,144.97
01.02.2012 02:28:00.000,1.30754,1.30754,1.30741,1.30747,91.25
01.02.2012 02:29:00.000,1.30747,1.30754,1.30737,1.30751,85.38
01.02.2012 02:30:00.000,1.30751,1.30752,1.30735,1.30735,112.64
01.02.2012 02:31:00.000,1.30737,1.30740,1.30699,1.30708,168.09
01.02.2012 02:32:00.000,1.30706,1.30706,1.30683,1.30701,108.06
01.02.2012 02:33:00.000,1.30701,1.30720,1.30701,1.30710,175.65
01.02.2012 02:34:00.000,1.30710,1.30716,1.30697,1.30711,163.02
01.02.2012 02:35:00.000,1.30711,1.30741,1.30711,1.30737,134.14
01.02.2012 02:36:00.000,1.30734,1.30736,1.30723,1.30723,49.55
01.02.2012 02:37:00.000,1.30725,1.30725,1.30692,1.30692,185.10
01.02.2012 02:38:00.000,1.30692,1.30695,1.30670,1.30671,137.59
01.02.2012 02:39:00.000,1.30673,1.30711,1.30673,1.30711,152.55
01.02.2012 02:40:00.000,1.30708,1.30708,1.30687,1.30695,84.79
01.02.2012 02:41:00.000,1.30692,1.30701,1.30687,1.30701,62.08
01.02.2012 02:42:00.000,1.30701,1.30720,1.30700,1.30712,134.48
01.02.2012 02:43:00.000,1.30712,1.30713,1.30703,1.30709,93.06
01.02.2012 02:44:00.000,1.30709,1.30731,1.30709,1.30726,91.86
01.02.2012 02:45:00.000,1.30725,1.30725,1.30680,1.30707,199.64
01.02.2012 02:46:00.000,1.30707,1.30719,1.30705,1.30719,78.57
01.02.2012 02:47:00.000,1.30716,1.30740,1.30716,1.30739,110.10
01.02.2012 02:48:00.000,1.30739,1.30753,1.30739,1.30751,92.40
01.02.2012 02:49:00.000,1.30751,1.30753,1.30724,1.30724,103.54
01.02.2012 02:50:00.000,1.30723,1.30723,1.30706,1.30708,122.44
01.02.2012 02:51:00.000,1.30708,1.30743,1.30702,1.30740,120.29
01.02.2012 02:52:00.000,1.30740,1.30740,1.30719,1.30720,129.69
01.02.2012 02:53:00.000,1.30720,1.30720,1.30719,1.30719,7.27
01.02.2012 02:54:00.000,1.30720,1.30731,1.30707,1.30731,72.78
01.02.2012 02:55:00.000,1.30731,1.30731,1.30686,1.30686,157.88
01.02.2012 02:56:00.000,1.30685,1.30685,1.30666,1.30669,164.43
01.02.2012 02:57:00.000,1.30669,1.30674,1.30662,1.30665,151.41
01.02.2012 02:58:00.000,1.30672,1.30672,1.30647,1.30650,119.26
01.02.2012 02:59:00.000,1.30648,1.30648,1.30613,1.30624,209.44
01.02.2012 03:00:00.000,1.30624,1.30626,1.30594,1.30612,212.40
01.02.2012 03:01:00.000,1.30612,1.30642,1.30612,1.30636,220.47
01.02.2012 03:02:00.000,1.30640,1.30663,1.30637,1.30659,126.79
01.02.2012 03:03:00.000,1.30657,1.30661,1.30635,1.30661,161.06
01.02.2012 03:04:00.000,1.30661,1.30662,1.30655,1.30658,109.22
01.02.2012 03:05:00.000,1.30658,1.30663,1.30653,1.30653,107.31
01.02.2012 03:06:00.000,1.30655,1.30655,1.30632,1.30632,146.41
01.02.2012 03:07:00.000,1.30632,1.30658,1.30632,1.30655,108.18
01.02.2012 03:08:00.000,1.30656,1.30671,1.30656,1.30671,127.63
01.02.2012 03:09:00.000,1.30669,1.30669,1.30669,1.30669,23.66
01.02.2012 03:10:00.000,1.30669,1.30677,1.30669,1.30677,34.09
01.02.2012 03:11:00.000,1.30677,1.30679,1.30664,1.30668,154.86
01.02.2012 03:12:00.000,1.30668,1.30674,1.30664,1.30668,51.91
01.02.2012 03:13:00.000,1.30668,1.30671,1.30668,1.30668,62.39
01.02.2012 03:14:00.000,1.30668,1.30672,1.30636,1.30636,107.05
01.02.2012 03:15:00.000,1.30636,1.30647,1.30631,1.30647,130.36
01.02.2012 03:16:00.000,1.30648,1.30662,1.30641,1.30662,106.66
01.02.2012 03:17:00.000,1.30659,1.30673,1.30659,1.30672,81.67
01.02.2012 03:18:00.000,1.30672,1.30686,1.30672,1.30686,91.25
01.02.2012 03:19:00.000,1.30684,1.30684,1.30652,1.30652,109.87
01.02.2012 03:20:00.000,1.30652,1.30662,1.30639,1.30659,116.56
01.02.2012 03:21:00.000,1.30661,1.30670,1.30647,1.30670,84.11
01.02.2012 03:22:00.000,1.30670,1.30692,1.30670,1.30683,92.08
01.02.2012 03:23:00.000,1.30684,1.30686,1.30665,1.30667,74.09
01.02.2012 03:24:00.000,1.30664,1.30664,1.30646,1.30650,94.04
01.02.2012 03:25:00.000,1.30650,1.30703,1.30650,1.30699,169.14
01.02.2012 03:26:00.000,1.30699,1.30714,1.30699,1.30706,116.93
01.02.2012 03:27:00.000,1.30704,1.30704,1.30701,1.30703,69.47
01.02.2012 03:28:00.000,1.30703,1.30744,1.30700,1.30743,118.64
01.02.2012 03:29:00.000,1.30743,1.30750,1.30739,1.30750,66.16
01.02.2012 03:30:00.000,1.30748,1.30748,1.30715,1.30720,185.81
01.02.2012 03:31:00.000,1.30722,1.30773,1.30722,1.30769,137.45
01.02.2012 03:32:00.000,1.30770,1.30770,1.30750,1.30757,184.76
01.02.2012 03:33:00.000,1.30759,1.30761,1.30752,1.30755,79.81
01.02.2012 03:34:00.000,1.30755,1.30764,1.30755,1.30758,80.41
01.02.2012 03:35:00.000,1.30758,1.30758,1.30748,1.30748,51.88
01.02.2012 03:36:00.000,1.30748,1.30749,1.30740,1.30740,78.20
01.02.2012 03:37:00.000,1.30740,1.30749,1.30728,1.30741,98.83
01.02.2012 03:38:00.000,1.30744,1.30754,1.30741,1.30753,52.83
01.02.2012 03:39:00.000,1.30753,1.30767,1.30742,1.30765,102.00
01.02.2012 03:40:00.000,1.30762,1.30769,1.30760,1.30765,109.34
01.02.2012 03:41:00.000,1.30764,1.30765,1.30755,1.30760,94.25
01.02.2012 03:42:00.000,1.30760,1.30761,1.30759,1.30759,100.14
01.02.2012 03:43:00.000,1.30757,1.30759,1.30750,1.30755,69.49
01.02.2012 03:44:00.000,1.30755,1.30762,1.30750,1.30761,103.41
01.02.2012 03:45:00.000,1.30761,1.30761,1.30734,1.30734,104.49
01.02.2012 03:46:00.000,1.30734,1.30739,1.30719,1.30724,134.79
01.02.2012 03:47:00.000,1.30724,1.30735,1.30718,1.30733,135.80
01.02.2012 03:48:00.000,1.30732,1.30736,1.30724,1.30734,40.03
01.02.2012 03:49:00.000,1.30731,1.30734,1.30717,1.30724,163.76
01.02.2012 03:50:00.000,1.30724,1.30724,1.30707,1.30708,93.33
01.02.2012 03:51:00.000,1.30707,1.30707,1.30697,1.30697,122.53
01.02.2012 03:52:00.000,1.30699,1.30712,1.30690,1.30711,116.69
01.02.2012 03:53:00.000,1.30709,1.30710,1.30700,1.30707,180.81
01.02.2012 03:54:00.000,1.30707,1.30711,1.30705,1.30707,93.05
01.02.2012 03:55:00.000,1.30708,1.30715,1.30707,1.30708,127.22
01.02.2012 03:56:00.000,1.30710,1.30710,1.30703,1.30705,125.84
01.02.2012 03:57:00.000,1.30705,1.30709,1.30705,1.30707,36.87
01.02.2012 03:58:00.000,1.30706,1.30711,1.30706,1.30708,35.97
01.02.2012 03:59:00.000,1.30707,1.30707,1.30694,1.30696,174.39
01.02.2012 04:00:00.000,1.30692,1.30695,1.30685,1.30694,181.29
01.02.2012 04:01:00.000,1.30694,1.30703,1.30692,1.30698,94.28
01.02.2012 04:02:00.000,1.30700,1.30701,1.30691,1.30695,63.74
01.02.2012 04:03:00.000,1.30695,1.30710,1.30690,1.30710,106.67
01.02.2012 04:04:00.000,1.30710,1.30714,1.30703,1.30707,136.80
01.02.2012 04:05:00.000,1.30705,1.30721,1.30705,1.30716,34.51
01.02.2012 04:06:00.000,1.30716,1.30731,1.30715,1.30726,137.79
01.02.2012 04:07:00.000,1.30726,1.30729,1.30714,1.30716,189.95
01.02.2012 04:08:00.000,1.30716,1.30722,1.30712,1.30719,92.59
01.02.2012 04:09:00.000,1.30719,1.30720,1.30714,1.30717,69.65
01.02.2012 04:10:00.000,1.30717,1.30718,1.30714,1.30717,43.71
01.02.2012 04:11:00.000,1.30717,1.30718,1.30712,1.30717,131.70
01.02.2012 04:12:00.000,1.30719,1.30734,1.30718,1.30727,118.33
01.02.2012 04:13:00.000,1.30725,1.30732,1.30719,1.30730,107.57
01.02.2012 04:14:00.000,1.30730,1.30732,1.30723,1.30732,119.03
01.02.2012 04:15:00.000,1.30732,1.30733,1.30722,1.30723,103.54
01.02.2012 04:16:00.000,1.30723,1.30729,1.30715,1.30726,83.40
01.02.2012 04:17:00.000,1.30726,1.30731,1.30726,1.30731,65.14
01.02.2012 04:18:00.000,1.30731,1.30747,1.30727,1.30739,103.49
01.02.2012 04:19:00.000,1.30740,1.30748,1.30737,1.30747,74.90
01.02.2012 04:20:00.000,1.30748,1.30763,1.30745,1.30750,116.58
01.02.2012 04:21:00.000,1.30750,1.30750,1.30734,1.30735,124.73
01.02.2012 04:22:00.000,1.30735,1.30737,1.30726,1.30728,77.15
01.02.2012 04:23:00.000,1.30728,1.30732,1.30717,1.30717,111.40
01.02.2012 04:24:00.000,1.30718,1.30719,1.30714,1.30718,57.59
01.02.2012 04:25:00.000,1.30718,1.30718,1.30715,1.30717,38.76
01.02.2012 04:26:00.000,1.30714,1.30740,1.30711,1.30737,120.25
01.02.2012 04:27:00.000,1.30737,1.30737,1.30728,1.30734,36.83
01.02.2012 04:28:00.000,1.30736,1.30738,1.30735,1.30738,17.14
01.02.2012 04:29:00.000,1.30738,1.30746,1.30734,1.30742,71.82
01.02.2012 04:30:00.000,1.30741,1.30748,1.30722,1.30747,205.36
01.02.2012 04:31:00.000,1.30747,1.30751,1.30738,1.30751,185.69
01.02.2012 04:32:00.000,1.30751,1.30751,1.30739,1.30747,91.74
01.02.2012 04:33:00.000,1.30748,1.30748,1.30729,1.30731,105.77
01.02.2012 04:34:00.000,1.30728,1.30739,1.30728,1.30732,39.00
01.02.2012 04:35:00.000,1.30734,1.30734,1.30727,1.30728,41.85
01.02.2012 04:36:00.000,1.30728,1.30736,1.30712,1.30712,96.83
01.02.2012 04:37:00.000,1.30713,1.30730,1.30713,1.30726,93.62
01.02.2012 04:38:00.000,1.30723,1.30730,1.30714,1.30716,96.59
01.02.2012 04:39:00.000,1.30716,1.30724,1.30716,1.30724,51.38
01.02.2012 04:40:00.000,1.30724,1.30724,1.30702,1.30705,176.54
01.02.2012 04:41:00.000,1.30705,1.30707,1.30695,1.30697,119.88
01.02.2012 04:42:00.000,1.30699,1.30702,1.30696,1.30702,43.51
01.02.2012 04:43:00.000,1.30702,1.30704,1.30696,1.30697,68.64
01.02.2012 04:44:00.000,1.30697,1.30710,1.30689,1.30689,141.86
01.02.2012 04:45:00.000,1.30688,1.30712,1.30688,1.30710,91.11
01.02.2012 04:46:00.000,1.30712,1.30712,1.30705,1.30707,56.58
01.02.2012 04:47:00.000,1.30707,1.30709,1.30697,1.30709,42.49
01.02.2012 04:48:00.000,1.30708,1.30708,1.30699,1.30699,69.06
01.02.2012 04:49:00.000,1.30699,1.30705,1.30697,1.30701,85.21
01.02.2012 04:50:00.000,1.30701,1.30709,1.30695,1.30700,115.11
01.02.2012 04:51:00.000,1.30700,1.30711,1.30700,1.30706,108.39
01.02.2012 04:52:00.000,1.30706,1.30711,1.30706,1.30711,71.94
01.02.2012 04:53:00.000,1.30712,1.30715,1.30697,1.30698,110.34
01.02.2012 04:54:00.000,1.30698,1.30708,1.30691,1.30693,78.64
01.02.2012 04:55:00.000,1.30693,1.30694,1.30692,1.30694,22.55
01.02.2012 04:56:00.000,1.30692,1.30692,1.30677,1.30677,101.93
01.02.2012 04:57:00.000,1.30677,1.30677,1.30648,1.30673,179.72
01.02.2012 04:58:00.000,1.30673,1.30673,1.30667,1.30669,68.85
01.02.2012 04:59:00.000,1.30670,1.30670,1.30659,1.30667,112.94
01.02.2012 05:00:00.000,1.30665,1.30665,1.30661,1.30662,66.00
01.02.2012 05:01:00.000,1.30662,1.30662,1.30652,1.30658,92.26
01.02.2012 05:02:00.000,1.30658,1.30661,1.30657,1.30661,30.38
01.02.2012 05:03:00.000,1.30662,1.30663,1.30649,1.30649,80.25
01.02.2012 05:04:00.000,1.30649,1.30658,1.30647,1.30658,141.84
01.02.2012 05:05:00.000,1.30658,1.30671,1.30658,1.30662,164.07
01.02.2012 05:06:00.000,1.30662,1.30679,1.30662,1.30669,78.75
01.02.2012 05:07:00.000,1.30670,1.30672,1.30667,1.30669,34.50
01.02.2012 05:08:00.000,1.30669,1.30685,1.30669,1.30685,61.40
01.02.2012 05:09:00.000,1.30685,1.30694,1.30677,1.30690,176.43
01.02.2012 05:10:00.000,1.30691,1.30708,1.30691,1.30702,157.52
01.02.2012 05:11:00.000,1.30702,1.30712,1.30696,1.30698,159.33
01.02.2012 05:12:00.000,1.30698,1.30710,1.30688,1.30688,97.39
01.02.2012 05:13:00.000,1.30688,1.30688,1.30672,1.30679,94.87
01.02.2012 05:14:00.000,1.30679,1.30692,1.30679,1.30687,86.26
01.02.2012 05:15:00.000,1.30688,1.30688,1.30683,1.30687,38.26
01.02.2012 05:16:00.000,1.30687,1.30688,1.30682,1.30688,50.95
01.02.2012 05:17:00.000,1.30691,1.30697,1.30672,1.30677,119.87
01.02.2012 05:18:00.000,1.30677,1.30677,1.30665,1.30667,58.99
01.02.2012 05:19:00.000,1.30670,1.30675,1.30670,1.30671,13.32
01.02.2012 05:20:00.000,1.30671,1.30681,1.30671,1.30677,72.45
01.02.2012 05:21:00.000,1.30677,1.30677,1.30673,1.30674,89.29
01.02.2012 05:22:00.000,1.30674,1.30678,1.30669,1.30678,227.87
01.02.2012 05:23:00.000,1.30678,1.30686,1.30678,1.30679,50.50
01.02.2012 05:24:00.000,1.30677,1.30681,1.30656,1.30667,107.40
01.02.2012 05:25:00.000,1.30666,1.30671,1.30666,1.30668,82.18
01.02.2012 05:26:00.000,1.30670,1.30670,1.30656,1.30658,112.44
01.02.2012 05:27:00.000,1.30658,1.30659,1.30648,1.30651,161.70
01.02.2012 05:28:00.000,1.30651,1.30660,1.30651,1.30656,98.63
01.02.2012 05:29:00.000,1.30657,1.30662,1.30651,1.30657,129.07
01.02.2012 05:30:00.000,1.30657,1.30663,1.30653,1.30663,66.73
01.02.2012 05:31:00.000,1.30664,1.30664,1.30654,1.30657,63.84
01.02.2012 05:32:00.000,1.30659,1.30659,1.30640,1.30651,158.06
01.02.2012 05:33:00.000,1.30651,1.30663,1.30651,1.30661,92.37
01.02.2012 05:34:00.000,1.30662,1.30672,1.30662,1.30668,122.88
01.02.2012 05:35:00.000,1.30668,1.30668,1.30659,1.30662,94.48
01.02.2012 05:36:00.000,1.30662,1.30665,1.30662,1.30663,115.28
01.02.2012 05:37:00.000,1.30663,1.30666,1.30661,1.30664,42.94
01.02.2012 05:38:00.000,1.30664,1.30666,1.30663,1.30663,89.25
01.02.2012 05:39:00.000,1.30663,1.30666,1.30663,1.30664,54.72
01.02.2012 05:40:00.000,1.30665,1.30667,1.30662,1.30662,78.83
01.02.2012 05:41:00.000,1.30664,1.30680,1.30664,1.30680,101.41
01.02.2012 05:42:00.000,1.30680,1.30680,1.30677,1.30678,66.58
01.02.2012 05:43:00.000,1.30676,1.30678,1.30676,1.30678,48.66
01.02.2012 05:44:00.000,1.30678,1.30693,1.30678,1.30685,91.20
01.02.2012 05:45:00.000,1.30681,1.30708,1.30681,1.30700,116.02
01.02.2012 05:46:00.000,1.30700,1.30702,1.30696,1.30698,80.94
01.02.2012 05:47:00.000,1.30698,1.30699,1.30692,1.30697,133.97
01.02.2012 05:48:00.000,1.30698,1.30698,1.30691,1.30691,50.97
01.02.2012 05:49:00.000,1.30688,1.30691,1.30685,1.30688,41.48
01.02.2012 05:50:00.000,1.30688,1.30692,1.30674,1.30676,122.56
01.02.2012 05:51:00.000,1.30676,1.30679,1.30668,1.30671,126.50
01.02.2012 05:52:00.000,1.30673,1.30675,1.30664,1.30667,186.11
01.02.2012 05:53:00.000,1.30670,1.30672,1.30659,1.30661,80.54
01.02.2012 05:54:00.000,1.30660,1.30665,1.30658,1.30665,115.29
01.02.2012 05:55:00.000,1.30665,1.30676,1.30656,1.30676,88.42
01.02.2012 05:56:00.000,1.30677,1.30677,1.30674,1.30677,74.67
01.02.2012 05:57:00.000,1.30677,1.30698,1.30677,1.30697,110.80
01.02.2012 05:58:00.000,1.30697,1.30703,1.30691,1.30701,114.09
01.02.2012 05:59:00.000,1.30701,1.30704,1.30679,1.30685,128.77
01.02.2012 06:00:00.000,1.30685,1.30697,1.30684,1.30695,146.35
01.02.2012 06:01:00.000,1.30693,1.30705,1.30676,1.30683,174.60
01.02.2012 06:02:00.000,1.30683,1.30684,1.30669,1.30671,143.05
01.02.2012 06:03:00.000,1.30671,1.30690,1.30670,1.30687,104.93
01.02.2012 06:04:00.000,1.30687,1.30689,1.30666,1.30669,121.63
01.02.2012 06:05:00.000,1.30669,1.30669,1.30652,1.30664,165.08
01.02.2012 06:06:00.000,1.30665,1.30665,1.30653,1.30661,89.34
01.02.2012 06:07:00.000,1.30661,1.30661,1.30631,1.30631,113.54
01.02.2012 06:08:00.000,1.30631,1.30631,1.30602,1.30616,185.39
01.02.2012 06:09:00.000,1.30616,1.30657,1.30616,1.30657,149.92
01.02.2012 06:10:00.000,1.30656,1.30656,1.30638,1.30649,135.60
01.02.2012 06:11:00.000,1.30649,1.30652,1.30646,1.30650,124.63
01.02.2012 06:12:00.000,1.30652,1.30663,1.30651,1.30654,144.93
01.02.2012 06:13:00.000,1.30654,1.30660,1.30652,1.30659,96.96
01.02.2012 06:14:00.000,1.30659,1.30677,1.30656,1.30670,103.31
01.02.2012 06:15:00.000,1.30670,1.30676,1.30666,1.30669,103.59
01.02.2012 06:16:00.000,1.30669,1.30669,1.30665,1.30665,27.24
01.02.2012 06:17:00.000,1.30665,1.30665,1.30623,1.30628,199.71
01.02.2012 06:18:00.000,1.30628,1.30634,1.30622,1.30629,133.11
01.02.2012 06:19:00.000,1.30629,1.30630,1.30540,1.30541,219.14
01.02.2012 06:20:00.000,1.30542,1.30577,1.30542,1.30550,219.61
01.02.2012 06:21:00.000,1.30552,1.30553,1.30531,1.30537,228.23
01.02.2012 06:22:00.000,1.30537,1.30571,1.30537,1.30558,201.99
01.02.2012 06:23:00.000,1.30558,1.30573,1.30555,1.30558,171.84
01.02.2012 06:24:00.000,1.30558,1.30565,1.30527,1.30530,160.42
01.02.2012 06:25:00.000,1.30529,1.30529,1.30488,1.30514,307.14
01.02.2012 06:26:00.000,1.30514,1.30516,1.30451,1.30464,301.04
01.02.2012 06:27:00.000,1.30464,1.30489,1.30461,1.30482,194.59
01.02.2012 06:28:00.000,1.30482,1.30510,1.30482,1.30494,236.90
01.02.2012 06:29:00.000,1.30492,1.30494,1.30459,1.30490,228.42
01.02.2012 06:30:00.000,1.30490,1.30515,1.30485,1.30515,241.26
01.02.2012 06:31:00.000,1.30515,1.30518,1.30479,1.30493,263.15
01.02.2012 06:32:00.000,1.30494,1.30503,1.30490,1.30502,190.18
01.02.2012 06:33:00.000,1.30502,1.30502,1.30489,1.30497,136.51
01.02.2012 06:34:00.000,1.30497,1.30519,1.30496,1.30516,140.36
01.02.2012 06:35:00.000,1.30515,1.30557,1.30507,1.30553,163.43
01.02.2012 06:36:00.000,1.30556,1.30560,1.30514,1.30528,186.80
01.02.2012 06:37:00.000,1.30528,1.30541,1.30518,1.30518,130.69
01.02.2012 06:38:00.000,1.30518,1.30518,1.30492,1.30492,135.50
01.02.2012 06:39:00.000,1.30492,1.30500,1.30487,1.30498,123.92
01.02.2012 06:40:00.000,1.30495,1.30503,1.30483,1.30485,205.41
01.02.2012 06:41:00.000,1.30487,1.30514,1.30487,1.30514,209.32
01.02.2012 06:42:00.000,1.30517,1.30533,1.30516,1.30531,140.72
01.02.2012 06:43:00.000,1.30531,1.30543,1.30526,1.30543,106.78
01.02.2012 06:44:00.000,1.30543,1.30554,1.30535,1.30552,212.72
01.02.2012 06:45:00.000,1.30553,1.30554,1.30522,1.30522,200.80
01.02.2012 06:46:00.000,1.30516,1.30525,1.30476,1.30479,209.27
01.02.2012 06:47:00.000,1.30476,1.30504,1.30467,1.30504,229.35
01.02.2012 06:48:00.000,1.30505,1.30516,1.30502,1.30508,143.94
01.02.2012 06:49:00.000,1.30508,1.30523,1.30464,1.30464,197.91
01.02.2012 06:50:00.000,1.30465,1.30503,1.30465,1.30497,199.54
01.02.2012 06:51:00.000,1.30498,1.30504,1.30495,1.30500,103.08
01.02.2012 06:52:00.000,1.30500,1.30504,1.30486,1.30486,124.63
01.02.2012 06:53:00.000,1.30489,1.30501,1.30486,1.30492,140.91
01.02.2012 06:54:00.000,1.30492,1.30492,1.30481,1.30492,89.86
01.02.2012 06:55:00.000,1.30492,1.30510,1.30491,1.30505,114.21
01.02.2012 06:56:00.000,1.30508,1.30511,1.30449,1.30449,292.69
01.02.2012 06:57:00.000,1.30445,1.30445,1.30330,1.30362,459.67
01.02.2012 06:58:00.000,1.30360,1.30360,1.30325,1.30338,322.47
01.02.2012 06:59:00.000,1.30338,1.30362,1.30338,1.30360,293.94
01.02.2012 07:00:00.000,1.30363,1.30397,1.30354,1.30371,279.42
01.02.2012 07:01:00.000,1.30371,1.30389,1.30337,1.30337,316.92
01.02.2012 07:02:00.000,1.30336,1.30343,1.30310,1.30319,319.33
01.02.2012 07:03:00.000,1.30319,1.30340,1.30285,1.30304,321.79
01.02.2012 07:04:00.000,1.30304,1.30322,1.30303,1.30318,290.31
01.02.2012 07:05:00.000,1.30315,1.30315,1.30266,1.30280,352.84
01.02.2012 07:06:00.000,1.30282,1.30297,1.30261,1.30263,324.35
01.02.2012 07:07:00.000,1.30264,1.30301,1.30264,1.30292,289.35
01.02.2012 07:08:00.000,1.30293,1.30293,1.30260,1.30284,366.84
01.02.2012 07:09:00.000,1.30284,1.30310,1.30280,1.30304,268.12
01.02.2012 07:10:00.000,1.30304,1.30310,1.30298,1.30310,170.72
01.02.2012 07:11:00.000,1.30309,1.30337,1.30309,1.30336,345.26
01.02.2012 07:12:00.000,1.30338,1.30341,1.30332,1.30335,233.90
01.02.2012 07:13:00.000,1.30334,1.30354,1.30332,1.30337,232.93
01.02.2012 07:14:00.000,1.30337,1.30337,1.30278,1.30294,230.69
01.02.2012 07:15:00.000,1.30294,1.30339,1.30287,1.30335,217.10
01.02.2012 07:16:00.000,1.30335,1.30338,1.30309,1.30313,169.56
01.02.2012 07:17:00.000,1.30313,1.30358,1.30303,1.30358,233.57
01.02.2012 07:18:00.000,1.30359,1.30376,1.30353,1.30371,214.09
01.02.2012 07:19:00.000,1.30371,1.30380,1.30367,1.30370,167.00
01.02.2012 07:20:00.000,1.30371,1.30373,1.30352,1.30356,194.87
01.02.2012 07:21:00.000,1.30357,1.30374,1.30344,1.30372,189.01
01.02.2012 07:22:00.000,1.30371,1.30383,1.30371,1.30380,114.78
01.02.2012 07:23:00.000,1.30379,1.30393,1.30375,1.30382,166.19
01.02.2012 07:24:00.000,1.30382,1.30406,1.30381,1.30406,207.30
01.02.2012 07:25:00.000,1.30406,1.30422,1.30394,1.30401,285.21
01.02.2012 07:26:00.000,1.30401,1.30403,1.30373,1.30375,216.08
01.02.2012 07:27:00.000,1.30375,1.30399,1.30375,1.30390,195.09
01.02.2012 07:28:00.000,1.30390,1.30401,1.30367,1.30372,161.48
01.02.2012 07:29:00.000,1.30372,1.30373,1.30365,1.30371,210.65
01.02.2012 07:30:00.000,1.30370,1.30457,1.30369,1.30447,298.67
01.02.2012 07:31:00.000,1.30448,1.30456,1.30437,1.30453,292.01
01.02.2012 07:32:00.000,1.30453,1.30453,1.30379,1.30386,359.34
01.02.2012 07:33:00.000,1.30385,1.30418,1.30385,1.30395,221.67
01.02.2012 07:34:00.000,1.30393,1.30405,1.30380,1.30384,226.76
01.02.2012 07:35:00.000,1.30384,1.30412,1.30382,1.30402,215.64
01.02.2012 07:36:00.000,1.30404,1.30426,1.30386,1.30426,205.72
01.02.2012 07:37:00.000,1.30428,1.30439,1.30404,1.30426,317.49
01.02.2012 07:38:00.000,1.30426,1.30426,1.30412,1.30418,171.45
01.02.2012 07:39:00.000,1.30417,1.30430,1.30408,1.30417,183.46
01.02.2012 07:40:00.000,1.30418,1.30508,1.30418,1.30501,336.06
01.02.2012 07:41:00.000,1.30501,1.30501,1.30467,1.30476,351.84
01.02.2012 07:42:00.000,1.30478,1.30479,1.30450,1.30457,286.18
01.02.2012 07:43:00.000,1.30457,1.30458,1.30444,1.30447,205.11
01.02.2012 07:44:00.000,1.30448,1.30476,1.30447,1.30475,219.32
01.02.2012 07:45:00.000,1.30474,1.30515,1.30474,1.30509,309.61
01.02.2012 07:46:00.000,1.30508,1.30508,1.30465,1.30469,286.60
01.02.2012 07:47:00.000,1.30468,1.30471,1.30429,1.30429,200.92
01.02.2012 07:48:00.000,1.30427,1.30461,1.30423,1.30460,214.47
01.02.2012 07:49:00.000,1.30456,1.30456,1.30433,1.30448,177.54
01.02.2012 07:50:00.000,1.30448,1.30451,1.30432,1.30440,226.82
01.02.2012 07:51:00.000,1.30439,1.30446,1.30436,1.30436,127.47
01.02.2012 07:52:00.000,1.30437,1.30444,1.30423,1.30444,194.37
01.02.2012 07:53:00.000,1.30444,1.30449,1.30386,1.30388,246.99
01.02.2012 07:54:00.000,1.30386,1.30425,1.30385,1.30422,264.93
01.02.2012 07:55:00.000,1.30424,1.30448,1.30416,1.30446,152.18
01.02.2012 07:56:00.000,1.30448,1.30493,1.30448,1.30477,207.13
01.02.2012 07:57:00.000,1.30478,1.30490,1.30475,1.30477,178.20
01.02.2012 07:58:00.000,1.30479,1.30485,1.30476,1.30485,163.02
01.02.2012 07:59:00.000,1.30485,1.30493,1.30477,1.30493,254.22
01.02.2012 08:00:00.000,1.30491,1.30554,1.30490,1.30533,359.74
01.02.2012 08:01:00.000,1.30533,1.30535,1.30512,1.30515,265.89
01.02.2012 08:02:00.000,1.30515,1.30556,1.30515,1.30543,215.63
01.02.2012 08:03:00.000,1.30543,1.30545,1.30524,1.30544,307.75
01.02.2012 08:04:00.000,1.30544,1.30591,1.30543,1.30578,421.45
01.02.2012 08:05:00.000,1.30578,1.30635,1.30562,1.30598,432.69
01.02.2012 08:06:00.000,1.30599,1.30655,1.30598,1.30634,471.54
01.02.2012 08:07:00.000,1.30633,1.30645,1.30594,1.30604,359.39
01.02.2012 08:08:00.000,1.30606,1.30606,1.30588,1.30589,208.56
01.02.2012 08:09:00.000,1.30590,1.30590,1.30576,1.30581,318.46
01.02.2012 08:10:00.000,1.30580,1.30620,1.30578,1.30616,312.33
01.02.2012 08:11:00.000,1.30614,1.30643,1.30603,1.30609,257.77
01.02.2012 08:12:00.000,1.30612,1.30654,1.30607,1.30633,301.37
01.02.2012 08:13:00.000,1.30633,1.30633,1.30596,1.30596,233.74
01.02.2012 08:14:00.000,1.30594,1.30626,1.30589,1.30607,254.48
01.02.2012 08:15:00.000,1.30610,1.30654,1.30610,1.30650,303.40
01.02.2012 08:16:00.000,1.30650,1.30652,1.30625,1.30628,224.62
01.02.2012 08:17:00.000,1.30628,1.30641,1.30616,1.30617,254.84
01.02.2012 08:18:00.000,1.30617,1.30660,1.30601,1.30660,295.61
01.02.2012 08:19:00.000,1.30662,1.30674,1.30641,1.30664,242.90
01.02.2012 08:20:00.000,1.30666,1.30695,1.30653,1.30681,507.88
01.02.2012 08:21:00.000,1.30678,1.30703,1.30672,1.30689,331.52
01.02.2012 08:22:00.000,1.30688,1.30688,1.30643,1.30653,307.09
01.02.2012 08:23:00.000,1.30653,1.30655,1.30637,1.30642,138.80
01.02.2012 08:24:00.000,1.30643,1.30668,1.30640,1.30654,274.85
01.02.2012 08:25:00.000,1.30651,1.30662,1.30641,1.30658,255.05
01.02.2012 08:26:00.000,1.30661,1.30683,1.30633,1.30633,354.87
01.02.2012 08:27:00.000,1.30631,1.30643,1.30604,1.30604,269.87
01.02.2012 08:28:00.000,1.30605,1.30620,1.30600,1.30620,216.88
01.02.2012 08:29:00.000,1.30620,1.30643,1.30613,1.30627,250.92
01.02.2012 08:30:00.000,1.30624,1.30652,1.30620,1.30644,242.79
01.02.2012 08:31:00.000,1.30643,1.30670,1.30632,1.30669,245.45
01.02.2012 08:32:00.000,1.30669,1.30669,1.30630,1.30651,180.16
01.02.2012 08:33:00.000,1.30647,1.30664,1.30634,1.30658,259.05
01.02.2012 08:34:00.000,1.30658,1.30690,1.30643,1.30688,313.78
01.02.2012 08:35:00.000,1.30685,1.30740,1.30685,1.30733,366.51
01.02.2012 08:36:00.000,1.30732,1.30766,1.30732,1.30757,298.39
01.02.2012 08:37:00.000,1.30755,1.30756,1.30726,1.30729,315.52
01.02.2012 08:38:00.000,1.30727,1.30753,1.30722,1.30731,225.09
01.02.2012 08:39:00.000,1.30731,1.30744,1.30728,1.30737,220.89
01.02.2012 08:40:00.000,1.30739,1.30786,1.30735,1.30782,266.14
01.02.2012 08:41:00.000,1.30782,1.30785,1.30741,1.30744,394.20
01.02.2012 08:42:00.000,1.30744,1.30757,1.30719,1.30722,315.05
01.02.2012 08:43:00.000,1.30722,1.30753,1.30722,1.30751,274.28
01.02.2012 08:44:00.000,1.30750,1.30764,1.30746,1.30757,273.67
01.02.2012 08:45:00.000,1.30757,1.30759,1.30702,1.30711,322.78
01.02.2012 08:46:00.000,1.30711,1.30711,1.30683,1.30700,253.89
01.02.2012 08:47:00.000,1.30701,1.30709,1.30686,1.30705,277.13
01.02.2012 08:48:00.000,1.30704,1.30704,1.30669,1.30669,357.91
01.02.2012 08:49:00.000,1.30668,1.30674,1.30630,1.30649,279.66
01.02.2012 08:50:00.000,1.30647,1.30673,1.30644,1.30665,289.16
01.02.2012 08:51:00.000,1.30665,1.30734,1.30665,1.30727,337.59
01.02.2012 08:52:00.000,1.30727,1.30760,1.30723,1.30740,338.35
01.02.2012 08:53:00.000,1.30740,1.30742,1.30697,1.30699,304.54
01.02.2012 08:54:00.000,1.30699,1.30740,1.30699,1.30739,329.98
01.02.2012 08:55:00.000,1.30740,1.30765,1.30715,1.30736,317.84
01.02.2012 08:56:00.000,1.30736,1.30736,1.30706,1.30717,271.91
01.02.2012 08:57:00.000,1.30715,1.30724,1.30688,1.30694,297.21
01.02.2012 08:58:00.000,1.30695,1.30715,1.30682,1.30715,288.49
01.02.2012 08:59:00.000,1.30715,1.30798,1.30715,1.30750,471.84
01.02.2012 09:00:00.000,1.30751,1.30902,1.30751,1.30901,464.52
01.02.2012 09:01:00.000,1.30902,1.30928,1.30879,1.30908,406.27
01.02.2012 09:02:00.000,1.30908,1.31006,1.30908,1.30981,448.75
01.02.2012 09:03:00.000,1.30980,1.30987,1.30954,1.30958,307.54
01.02.2012 09:04:00.000,1.30961,1.30973,1.30935,1.30973,325.67
01.02.2012 09:05:00.000,1.30971,1.31007,1.30937,1.30996,344.11
01.02.2012 09:06:00.000,1.30994,1.31059,1.30971,1.31034,453.51
01.02.2012 09:07:00.000,1.31035,1.31043,1.30997,1.31009,397.03
01.02.2012 09:08:00.000,1.31007,1.31043,1.30989,1.31032,400.33
01.02.2012 09:09:00.000,1.31028,1.31031,1.30987,1.30991,340.13
01.02.2012 09:10:00.000,1.30991,1.30992,1.30946,1.30979,402.50
01.02.2012 09:11:00.000,1.30981,1.30998,1.30959,1.30991,350.47
01.02.2012 09:12:00.000,1.30992,1.31051,1.30986,1.31022,353.38
01.02.2012 09:13:00.000,1.31022,1.31031,1.30984,1.30987,269.02
01.02.2012 09:14:00.000,1.30987,1.31083,1.30984,1.31083,405.30
01.02.2012 09:15:00.000,1.31083,1.31128,1.31070,1.31078,427.77
01.02.2012 09:16:00.000,1.31078,1.31090,1.31040,1.31042,320.86
01.02.2012 09:17:00.000,1.31042,1.31045,1.31027,1.31029,312.38
01.02.2012 09:18:00.000,1.31032,1.31045,1.31020,1.31027,272.54
01.02.2012 09:19:00.000,1.31027,1.31043,1.31007,1.31013,312.91
01.02.2012 09:20:00.000,1.31013,1.31052,1.31011,1.31019,313.05
01.02.2012 09:21:00.000,1.31020,1.31085,1.31013,1.31072,372.58
01.02.2012 09:22:00.000,1.31072,1.31072,1.31035,1.31065,365.17
01.02.2012 09:23:00.000,1.31063,1.31091,1.31058,1.31065,340.65
01.02.2012 09:24:00.000,1.31065,1.31075,1.31056,1.31057,274.32
01.02.2012 09:25:00.000,1.31058,1.31060,1.31026,1.31026,282.79
01.02.2012 09:26:00.000,1.31025,1.31045,1.31000,1.31021,279.04
01.02.2012 09:27:00.000,1.31020,1.31034,1.31001,1.31021,248.80
01.02.2012 09:28:00.000,1.31020,1.31074,1.31016,1.31070,322.08
01.02.2012 09:29:00.000,1.31075,1.31171,1.31073,1.31140,456.54
01.02.2012 09:30:00.000,1.31140,1.31155,1.31120,1.31136,379.58
01.02.2012 09:31:00.000,1.31134,1.31139,1.31113,1.31117,255.08
01.02.2012 09:32:00.000,1.31117,1.31143,1.31114,1.31127,325.96
01.02.2012 09:33:00.000,1.31128,1.31142,1.31102,1.31108,321.20
01.02.2012 09:34:00.000,1.31110,1.31111,1.31067,1.31086,301.99
01.02.2012 09:35:00.000,1.31086,1.31165,1.31083,1.31163,342.89
01.02.2012 09:36:00.000,1.31161,1.31203,1.31143,1.31203,254.37
01.02.2012 09:37:00.000,1.31204,1.31204,1.31170,1.31176,328.84
01.02.2012 09:38:00.000,1.31177,1.31193,1.31160,1.31192,372.70
01.02.2012 09:39:00.000,1.31193,1.31193,1.31133,1.31133,361.17
01.02.2012 09:40:00.000,1.31133,1.31171,1.31112,1.31145,296.00
01.02.2012 09:41:00.000,1.31143,1.31159,1.31119,1.31127,242.21
01.02.2012 09:42:00.000,1.31127,1.31223,1.31127,1.31212,337.69
01.02.2012 09:43:00.000,1.31211,1.31256,1.31208,1.31239,330.58
01.02.2012 09:44:00.000,1.31235,1.31254,1.31210,1.31247,301.28
01.02.2012 09:45:00.000,1.31246,1.31318,1.31235,1.31298,376.47
01.02.2012 09:46:00.000,1.31299,1.31314,1.31283,1.31311,366.98
01.02.2012 09:47:00.000,1.31309,1.31311,1.31268,1.31273,377.77
01.02.2012 09:48:00.000,1.31275,1.31289,1.31253,1.31268,370.69
01.02.2012 09:49:00.000,1.31266,1.31274,1.31237,1.31262,332.06
01.02.2012 09:50:00.000,1.31262,1.31276,1.31257,1.31264,335.75
01.02.2012 09:51:00.000,1.31263,1.31290,1.31257,1.31273,373.87
01.02.2012 09:52:00.000,1.31273,1.31283,1.31253,1.31266,301.56
01.02.2012 09:53:00.000,1.31266,1.31295,1.31262,1.31277,380.92
01.02.2012 09:54:00.000,1.31279,1.31302,1.31274,1.31283,261.49
01.02.2012 09:55:00.000,1.31282,1.31321,1.31279,1.31320,250.84
01.02.2012 09:56:00.000,1.31320,1.31391,1.31310,1.31390,386.24
01.02.2012 09:57:00.000,1.31391,1.31406,1.31352,1.31353,430.48
01.02.2012 09:58:00.000,1.31353,1.31380,1.31344,1.31370,406.87
01.02.2012 09:59:00.000,1.31370,1.31413,1.31370,1.31412,435.50
01.02.2012 10:00:00.000,1.31411,1.31479,1.31407,1.31441,423.11
01.02.2012 10:01:00.000,1.31441,1.31442,1.31385,1.31390,379.06
01.02.2012 10:02:00.000,1.31392,1.31438,1.31391,1.31412,371.31
01.02.2012 10:03:00.000,1.31413,1.31417,1.31362,1.31369,281.90
01.02.2012 10:04:00.000,1.31368,1.31399,1.31361,1.31388,303.10
01.02.2012 10:05:00.000,1.31388,1.31451,1.31388,1.31444,310.58
01.02.2012 10:06:00.000,1.31443,1.31443,1.31405,1.31413,211.00
01.02.2012 10:07:00.000,1.31411,1.31432,1.31381,1.31381,318.73
01.02.2012 10:08:00.000,1.31382,1.31390,1.31339,1.31341,265.04
01.02.2012 10:09:00.000,1.31341,1.31354,1.31320,1.31324,261.07
01.02.2012 10:10:00.000,1.31325,1.31351,1.31313,1.31316,270.88
01.02.2012 10:11:00.000,1.31316,1.31320,1.31292,1.31296,204.16
01.02.2012 10:12:00.000,1.31298,1.31320,1.31298,1.31313,293.72
01.02.2012 10:13:00.000,1.31314,1.31334,1.31311,1.31324,330.48
01.02.2012 10:14:00.000,1.31323,1.31331,1.31312,1.31324,247.97
01.02.2012 10:15:00.000,1.31324,1.31344,1.31316,1.31330,295.04
01.02.2012 10:16:00.000,1.31332,1.31351,1.31313,1.31339,286.63
01.02.2012 10:17:00.000,1.31339,1.31378,1.31335,1.31375,227.22
01.02.2012 10:18:00.000,1.31377,1.31394,1.31369,1.31394,227.22
01.02.2012 10:19:00.000,1.31394,1.31422,1.31389,1.31401,312.31
01.02.2012 10:20:00.000,1.31401,1.31408,1.31367,1.31372,255.34
01.02.2012 10:21:00.000,1.31370,1.31394,1.31366,1.31366,267.09
01.02.2012 10:22:00.000,1.31366,1.31375,1.31340,1.31374,239.10
01.02.2012 10:23:00.000,1.31373,1.31415,1.31370,1.31370,275.43
01.02.2012 10:24:00.000,1.31369,1.31404,1.31364,1.31383,320.15
01.02.2012 10:25:00.000,1.31383,1.31404,1.31368,1.31395,323.90
01.02.2012 10:26:00.000,1.31396,1.31396,1.31367,1.31381,263.53
01.02.2012 10:27:00.000,1.31380,1.31400,1.31374,1.31382,242.55
01.02.2012 10:28:00.000,1.31381,1.31392,1.31359,1.31367,271.33
01.02.2012 10:29:00.000,1.31370,1.31376,1.31349,1.31349,210.35
01.02.2012 10:30:00.000,1.31347,1.31347,1.31310,1.31318,290.42
01.02.2012 10:31:00.000,1.31318,1.31347,1.31305,1.31347,328.62
01.02.2012 10:32:00.000,1.31347,1.31364,1.31321,1.31328,262.37
01.02.2012 10:33:00.000,1.31328,1.31361,1.31307,1.31354,280.38
01.02.2012 10:34:00.000,1.31353,1.31353,1.31326,1.31326,227.04
01.02.2012 10:35:00.000,1.31326,1.31337,1.31320,1.31322,183.88
01.02.2012 10:36:00.000,1.31322,1.31325,1.31280,1.31282,214.17
01.02.2012 10:37:00.000,1.31282,1.31282,1.31254,1.31281,202.24
01.02.2012 10:38:00.000,1.31282,1.31320,1.31265,1.31265,304.93
01.02.2012 10:39:00.000,1.31266,1.31304,1.31261,1.31263,328.92
01.02.2012 10:40:00.000,1.31262,1.31280,1.31260,1.31270,257.68
01.02.2012 10:41:00.000,1.31267,1.31272,1.31252,1.31271,243.25
01.02.2012 10:42:00.000,1.31269,1.31283,1.31233,1.31234,243.48
01.02.2012 10:43:00.000,1.31233,1.31257,1.31233,1.31241,264.50
01.02.2012 10:44:00.000,1.31241,1.31276,1.31235,1.31273,280.61
01.02.2012 10:45:00.000,1.31272,1.31315,1.31267,1.31307,274.97
01.02.2012 10:46:00.000,1.31307,1.31307,1.31271,1.31273,302.04
01.02.2012 10:47:00.000,1.31270,1.31290,1.31259,1.31280,182.50
01.02.2012 10:48:00.000,1.31280,1.31296,1.31254,1.31257,217.30
01.02.2012 10:49:00.000,1.31257,1.31283,1.31248,1.31270,294.18
01.02.2012 10:50:00.000,1.31270,1.31275,1.31223,1.31242,362.21
01.02.2012 10:51:00.000,1.31241,1.31251,1.31210,1.31228,216.51
01.02.2012 10:52:00.000,1.31229,1.31243,1.31223,1.31243,238.72
01.02.2012 10:53:00.000,1.31242,1.31265,1.31242,1.31262,254.59
01.02.2012 10:54:00.000,1.31262,1.31263,1.31252,1.31261,208.85
01.02.2012 10:55:00.000,1.31261,1.31315,1.31252,1.31315,320.57
01.02.2012 10:56:00.000,1.31315,1.31333,1.31295,1.31313,288.32
01.02.2012 10:57:00.000,1.31312,1.31335,1.31303,1.31332,235.85
01.02.2012 10:58:00.000,1.31332,1.31332,1.31309,1.31319,221.89
01.02.2012 10:59:00.000,1.31317,1.31348,1.31300,1.31327,384.87
01.02.2012 11:00:00.000,1.31330,1.31340,1.31306,1.31331,285.80
01.02.2012 11:01:00.000,1.31331,1.31344,1.31314,1.31316,269.83
01.02.2012 11:02:00.000,1.31312,1.31343,1.31306,1.31340,250.99
01.02.2012 11:03:00.000,1.31338,1.31353,1.31326,1.31333,245.70
01.02.2012 11:04:00.000,1.31333,1.31334,1.31292,1.31292,205.59
01.02.2012 11:05:00.000,1.31295,1.31305,1.31280,1.31297,242.99
01.02.2012 11:06:00.000,1.31296,1.31299,1.31261,1.31268,218.30
01.02.2012 11:07:00.000,1.31268,1.31283,1.31249,1.31250,229.77
01.02.2012 11:08:00.000,1.31250,1.31290,1.31250,1.31282,255.43
01.02.2012 11:09:00.000,1.31284,1.31295,1.31272,1.31278,243.63
01.02.2012 11:10:00.000,1.31277,1.31277,1.31250,1.31259,266.87
01.02.2012 11:11:00.000,1.31259,1.31279,1.31257,1.31263,277.04
01.02.2012 11:12:00.000,1.31263,1.31264,1.31251,1.31251,128.99
01.02.2012 11:13:00.000,1.31252,1.31294,1.31252,1.31274,231.36
01.02.2012 11:14:00.000,1.31274,1.31317,1.31273,1.31309,319.29
01.02.2012 11:15:00.000,1.31309,1.31312,1.31286,1.31294,219.75
01.02.2012 11:16:00.000,1.31290,1.31305,1.31280,1.31286,197.77
01.02.2012 11:17:00.000,1.31284,1.31302,1.31276,1.31291,257.25
01.02.2012 11:18:00.000,1.31291,1.31296,1.31283,1.31293,210.28
01.02.2012 11:19:00.000,1.31293,1.31317,1.31293,1.31311,235.05
01.02.2012 11:20:00.000,1.31312,1.31318,1.31285,1.31285,172.48
01.02.2012 11:21:00.000,1.31287,1.31321,1.31287,1.31309,285.13
01.02.2012 11:22:00.000,1.31310,1.31311,1.31282,1.31282,240.44
01.02.2012 11:23:00.000,1.31282,1.31298,1.31270,1.31281,189.81
01.02.2012 11:24:00.000,1.31281,1.31296,1.31281,1.31288,214.69
01.02.2012 11:25:00.000,1.31288,1.31290,1.31274,1.31276,175.49
01.02.2012 11:26:00.000,1.31276,1.31277,1.31259,1.31260,284.30
01.02.2012 11:27:00.000,1.31260,1.31260,1.31186,1.31193,364.36
01.02.2012 11:28:00.000,1.31192,1.31206,1.31177,1.31184,329.09
01.02.2012 11:29:00.000,1.31184,1.31187,1.31164,1.31175,286.97
01.02.2012 11:30:00.000,1.31175,1.31188,1.31172,1.31177,274.27
01.02.2012 11:31:00.000,1.31177,1.31194,1.31174,1.31190,264.19
01.02.2012 11:32:00.000,1.31189,1.31190,1.31180,1.31187,257.69
01.02.2012 11:33:00.000,1.31189,1.31205,1.31189,1.31195,214.75
01.02.2012 11:34:00.000,1.31194,1.31206,1.31182,1.31206,222.50
01.02.2012 11:35:00.000,1.31206,1.31215,1.31197,1.31197,245.40
01.02.2012 11:36:00.000,1.31193,1.31224,1.31193,1.31198,214.78
01.02.2012 11:37:00.000,1.31198,1.31214,1.31179,1.31214,283.28
01.02.2012 11:38:00.000,1.31215,1.31229,1.31200,1.31200,313.05
01.02.2012 11:39:00.000,1.31196,1.31225,1.31194,1.31219,339.74
01.02.2012 11:40:00.000,1.31219,1.31286,1.31219,1.31273,300.49
01.02.2012 11:41:00.000,1.31273,1.31283,1.31254,1.31266,290.96
01.02.2012 11:42:00.000,1.31266,1.31288,1.31265,1.31287,220.88
01.02.2012 11:43:00.000,1.31287,1.31310,1.31281,1.31287,263.36
01.02.2012 11:44:00.000,1.31285,1.31306,1.31283,1.31283,260.43
01.02.2012 11:45:00.000,1.31283,1.31283,1.31257,1.31262,296.54
01.02.2012 11:46:00.000,1.31262,1.31301,1.31261,1.31301,211.37
01.02.2012 11:47:00.000,1.31301,1.31309,1.31279,1.31287,307.65
01.02.2012 11:48:00.000,1.31286,1.31292,1.31273,1.31292,276.84
01.02.2012 11:49:00.000,1.31292,1.31303,1.31281,1.31300,226.52
01.02.2012 11:50:00.000,1.31300,1.31324,1.31279,1.31324,322.83
01.02.2012 11:51:00.000,1.31322,1.31329,1.31303,1.31326,290.41
01.02.2012 11:52:00.000,1.31326,1.31335,1.31317,1.31329,186.17
01.02.2012 11:53:00.000,1.31327,1.31331,1.31326,1.31327,191.01
01.02.2012 11:54:00.000,1.31327,1.31328,1.31321,1.31323,159.78
01.02.2012 11:55:00.000,1.31322,1.31337,1.31320,1.31335,200.94
01.02.2012 11:56:00.000,1.31334,1.31344,1.31325,1.31327,308.99
01.02.2012 11:57:00.000,1.31328,1.31333,1.31315,1.31319,247.04
01.02.2012 11:58:00.000,1.31319,1.31324,1.31281,1.31281,270.91
01.02.2012 11:59:00.000,1.31280,1.31285,1.31260,1.31275,279.93
01.02.2012 12:00:00.000,1.31276,1.31283,1.31227,1.31235,295.32
01.02.2012 12:01:00.000,1.31236,1.31243,1.31185,1.31204,290.73
01.02.2012 12:02:00.000,1.31204,1.31207,1.31175,1.31199,318.07
01.02.2012 12:03:00.000,1.31199,1.31206,1.31191,1.31194,245.11
01.02.2012 12:04:00.000,1.31194,1.31225,1.31194,1.31214,237.21
01.02.2012 12:05:00.000,1.31214,1.31221,1.31187,1.31214,237.38
01.02.2012 12:06:00.000,1.31214,1.31231,1.31203,1.31224,210.16
01.02.2012 12:07:00.000,1.31224,1.31231,1.31214,1.31231,189.54
01.02.2012 12:08:00.000,1.31231,1.31240,1.31220,1.31232,204.27
01.02.2012 12:09:00.000,1.31232,1.31236,1.31229,1.31235,147.49
01.02.2012 12:10:00.000,1.31235,1.31254,1.31231,1.31245,235.84
01.02.2012 12:11:00.000,1.31245,1.31249,1.31224,1.31246,322.58
01.02.2012 12:12:00.000,1.31245,1.31247,1.31224,1.31242,238.12
01.02.2012 12:13:00.000,1.31242,1.31250,1.31240,1.31247,111.91
01.02.2012 12:14:00.000,1.31248,1.31265,1.31248,1.31255,288.60
01.02.2012 12:15:00.000,1.31255,1.31277,1.31255,1.31277,206.75
01.02.2012 12:16:00.000,1.31277,1.31290,1.31268,1.31268,197.18
01.02.2012 12:17:00.000,1.31268,1.31287,1.31267,1.31276,238.50
01.02.2012 12:18:00.000,1.31277,1.31297,1.31275,1.31295,199.22
01.02.2012 12:19:00.000,1.31295,1.31328,1.31289,1.31305,339.51
01.02.2012 12:20:00.000,1.31306,1.31322,1.31273,1.31278,314.96
01.02.2012 12:21:00.000,1.31278,1.31340,1.31275,1.31340,265.33
01.02.2012 12:22:00.000,1.31342,1.31369,1.31332,1.31345,344.07
01.02.2012 12:23:00.000,1.31348,1.31361,1.31336,1.31346,361.90
01.02.2012 12:24:00.000,1.31346,1.31359,1.31329,1.31336,219.74
01.02.2012 12:25:00.000,1.31341,1.31355,1.31341,1.31349,219.00
01.02.2012 12:26:00.000,1.31349,1.31403,1.31349,1.31398,332.42
01.02.2012 12:27:00.000,1.31399,1.31440,1.31399,1.31437,360.64
01.02.2012 12:28:00.000,1.31437,1.31448,1.31413,1.31415,363.72
01.02.2012 12:29:00.000,1.31415,1.31478,1.31415,1.31476,366.18
01.02.2012 12:30:00.000,1.31476,1.31600,1.31458,1.31600,499.60
01.02.2012 12:31:00.000,1.31602,1.31713,1.31602,1.31712,501.86
01.02.2012 12:32:00.000,1.31716,1.31733,1.31684,1.31717,456.63
01.02.2012 12:33:00.000,1.31716,1.31753,1.31711,1.31731,380.63
01.02.2012 12:34:00.000,1.31731,1.31731,1.31698,1.31717,342.98
01.02.2012 12:35:00.000,1.31717,1.31829,1.31717,1.31827,396.96
01.02.2012 12:36:00.000,1.31829,1.31868,1.31829,1.31831,368.86
01.02.2012 12:37:00.000,1.31830,1.31838,1.31793,1.31801,346.45
01.02.2012 12:38:00.000,1.31799,1.31815,1.31770,1.31784,325.88
01.02.2012 12:39:00.000,1.31786,1.31842,1.31786,1.31815,345.47
01.02.2012 12:40:00.000,1.31821,1.31823,1.31780,1.31784,302.95
01.02.2012 12:41:00.000,1.31783,1.31810,1.31772,1.31800,261.83
01.02.2012 12:42:00.000,1.31799,1.31861,1.31796,1.31861,211.14
01.02.2012 12:43:00.000,1.31861,1.31866,1.31818,1.31862,323.61
01.02.2012 12:44:00.000,1.31863,1.31939,1.31851,1.31939,362.48
01.02.2012 12:45:00.000,1.31939,1.32005,1.31938,1.31970,366.10
01.02.2012 12:46:00.000,1.31977,1.31995,1.31947,1.31973,373.55
01.02.2012 12:47:00.000,1.31975,1.31985,1.31945,1.31945,295.28
01.02.2012 12:48:00.000,1.31944,1.31944,1.31900,1.31931,391.49
01.02.2012 12:49:00.000,1.31931,1.31956,1.31920,1.31949,243.63
01.02.2012 12:50:00.000,1.31950,1.32018,1.31950,1.31986,357.28
01.02.2012 12:51:00.000,1.31984,1.31992,1.31970,1.31970,307.35
01.02.2012 12:52:00.000,1.31971,1.31971,1.31943,1.31943,371.02
01.02.2012 12:53:00.000,1.31944,1.31950,1.31907,1.31912,212.00
01.02.2012 12:54:00.000,1.31911,1.31930,1.31897,1.31897,208.37
01.02.2012 12:55:00.000,1.31899,1.31916,1.31867,1.31867,292.34
01.02.2012 12:56:00.000,1.31866,1.31867,1.31837,1.31843,270.10
01.02.2012 12:57:00.000,1.31843,1.31844,1.31808,1.31829,283.98
01.02.2012 12:58:00.000,1.31829,1.31835,1.31806,1.31818,305.45
01.02.2012 12:59:00.000,1.31816,1.31824,1.31791,1.31823,258.71
01.02.2012 13:00:00.000,1.31823,1.31855,1.31808,1.31826,294.74
01.02.2012 13:01:00.000,1.31828,1.31838,1.31818,1.31833,260.19
01.02.2012 13:02:00.000,1.31833,1.31858,1.31820,1.31840,299.08
01.02.2012 13:03:00.000,1.31840,1.31840,1.31801,1.31803,264.35
01.02.2012 13:04:00.000,1.31804,1.31811,1.31774,1.31787,250.42
01.02.2012 13:05:00.000,1.31785,1.31789,1.31772,1.31784,229.14
01.02.2012 13:06:00.000,1.31784,1.31812,1.31769,1.31812,307.41
01.02.2012 13:07:00.000,1.31812,1.31813,1.31772,1.31780,270.28
01.02.2012 13:08:00.000,1.31780,1.31789,1.31721,1.31727,307.25
01.02.2012 13:09:00.000,1.31725,1.31753,1.31700,1.31725,392.04
01.02.2012 13:10:00.000,1.31725,1.31738,1.31693,1.31738,286.56
01.02.2012 13:11:00.000,1.31740,1.31753,1.31729,1.31750,275.05
01.02.2012 13:12:00.000,1.31750,1.31750,1.31722,1.31740,312.25
01.02.2012 13:13:00.000,1.31737,1.31742,1.31714,1.31725,282.58
01.02.2012 13:14:00.000,1.31725,1.31747,1.31707,1.31747,352.36
01.02.2012 13:15:00.000,1.31747,1.31762,1.31705,1.31705,403.06
01.02.2012 13:16:00.000,1.31707,1.31752,1.31703,1.31721,293.38
01.02.2012 13:17:00.000,1.31721,1.31725,1.31696,1.31711,231.81
01.02.2012 13:18:00.000,1.31711,1.31743,1.31708,1.31728,264.61
01.02.2012 13:19:00.000,1.31727,1.31742,1.31719,1.31719,227.89
01.02.2012 13:20:00.000,1.31721,1.31721,1.31689,1.31701,330.24
01.02.2012 13:21:00.000,1.31700,1.31703,1.31680,1.31690,256.01
01.02.2012 13:22:00.000,1.31689,1.31694,1.31670,1.31687,262.22
01.02.2012 13:23:00.000,1.31692,1.31743,1.31685,1.31739,306.14
01.02.2012 13:24:00.000,1.31739,1.31746,1.31735,1.31738,233.84
01.02.2012 13:25:00.000,1.31736,1.31744,1.31727,1.31729,245.81
01.02.2012 13:26:00.000,1.31727,1.31737,1.31688,1.31697,201.49
01.02.2012 13:27:00.000,1.31697,1.31782,1.31696,1.31782,339.21
01.02.2012 13:28:00.000,1.31782,1.31827,1.31782,1.31825,298.17
01.02.2012 13:29:00.000,1.31826,1.31829,1.31802,1.31816,289.94
01.02.2012 13:30:00.000,1.31815,1.31864,1.31812,1.31835,353.94
01.02.2012 13:31:00.000,1.31837,1.31842,1.31798,1.31811,392.57
01.02.2012 13:32:00.000,1.31809,1.31809,1.31755,1.31758,277.75
01.02.2012 13:33:00.000,1.31759,1.31790,1.31759,1.31790,213.03
01.02.2012 13:34:00.000,1.31788,1.31795,1.31752,1.31753,232.64
01.02.2012 13:35:00.000,1.31753,1.31753,1.31713,1.31716,234.27
01.02.2012 13:36:00.000,1.31714,1.31715,1.31696,1.31698,291.71
01.02.2012 13:37:00.000,1.31700,1.31738,1.31698,1.31711,336.47
01.02.2012 13:38:00.000,1.31710,1.31717,1.31698,1.31701,344.54
01.02.2012 13:39:00.000,1.31701,1.31709,1.31686,1.31694,295.13
01.02.2012 13:40:00.000,1.31690,1.31705,1.31690,1.31705,194.58
01.02.2012 13:41:00.000,1.31705,1.31742,1.31699,1.31733,270.13
01.02.2012 13:42:00.000,1.31737,1.31768,1.31737,1.31765,251.11
01.02.2012 13:43:00.000,1.31765,1.31767,1.31734,1.31742,261.12
01.02.2012 13:44:00.000,1.31742,1.31758,1.31738,1.31738,298.08
01.02.2012 13:45:00.000,1.31738,1.31746,1.31738,1.31738,140.69
01.02.2012 13:46:00.000,1.31738,1.31744,1.31725,1.31744,242.16
01.02.2012 13:47:00.000,1.31744,1.31748,1.31734,1.31745,264.99
01.02.2012 13:48:00.000,1.31745,1.31785,1.31742,1.31784,247.09
01.02.2012 13:49:00.000,1.31784,1.31787,1.31774,1.31779,190.65
01.02.2012 13:50:00.000,1.31779,1.31825,1.31779,1.31818,383.31
01.02.2012 13:51:00.000,1.31818,1.31827,1.31807,1.31807,287.66
01.02.2012 13:52:00.000,1.31806,1.31808,1.31794,1.31799,248.84
01.02.2012 13:53:00.000,1.31799,1.31802,1.31776,1.31776,242.02
01.02.2012 13:54:00.000,1.31776,1.31792,1.31772,1.31792,212.72
01.02.2012 13:55:00.000,1.31793,1.31799,1.31778,1.31784,256.29
01.02.2012 13:56:00.000,1.31784,1.31784,1.31726,1.31727,291.30
01.02.2012 13:57:00.000,1.31727,1.31747,1.31727,1.31729,269.19
01.02.2012 13:58:00.000,1.31729,1.31751,1.31728,1.31728,277.00
01.02.2012 13:59:00.000,1.31728,1.31730,1.31714,1.31728,226.49
01.02.2012 14:00:00.000,1.31730,1.31752,1.31704,1.31704,321.45
01.02.2012 14:01:00.000,1.31706,1.31733,1.31706,1.31730,281.07
01.02.2012 14:02:00.000,1.31729,1.31731,1.31700,1.31706,193.73
01.02.2012 14:03:00.000,1.31706,1.31721,1.31698,1.31717,253.07
01.02.2012 14:04:00.000,1.31715,1.31739,1.31715,1.31725,213.28
01.02.2012 14:05:00.000,1.31725,1.31736,1.31724,1.31735,208.63
01.02.2012 14:06:00.000,1.31735,1.31752,1.31733,1.31744,231.95
01.02.2012 14:07:00.000,1.31748,1.31750,1.31722,1.31723,218.43
01.02.2012 14:08:00.000,1.31723,1.31724,1.31705,1.31713,215.63
01.02.2012 14:09:00.000,1.31714,1.31741,1.31704,1.31740,230.39
01.02.2012 14:10:00.000,1.31742,1.31756,1.31736,1.31750,260.56
01.02.2012 14:11:00.000,1.31748,1.31748,1.31703,1.31707,257.30
01.02.2012 14:12:00.000,1.31710,1.31710,1.31626,1.31636,432.70
01.02.2012 14:13:00.000,1.31632,1.31632,1.31542,1.31548,378.03
01.02.2012 14:14:00.000,1.31548,1.31575,1.31544,1.31573,283.58
01.02.2012 14:15:00.000,1.31573,1.31577,1.31537,1.31558,320.33
01.02.2012 14:16:00.000,1.31559,1.31614,1.31559,1.31601,275.82
01.02.2012 14:17:00.000,1.31601,1.31628,1.31597,1.31619,197.35
01.02.2012 14:18:00.000,1.31626,1.31640,1.31615,1.31632,308.24
01.02.2012 14:19:00.000,1.31632,1.31647,1.31618,1.31623,263.21
01.02.2012 14:20:00.000,1.31622,1.31635,1.31603,1.31604,206.29
01.02.2012 14:21:00.000,1.31604,1.31634,1.31585,1.31634,360.45
01.02.2012 14:22:00.000,1.31633,1.31634,1.31614,1.31614,237.49
01.02.2012 14:23:00.000,1.31614,1.31617,1.31583,1.31596,221.49
01.02.2012 14:24:00.000,1.31596,1.31674,1.31596,1.31644,325.67
01.02.2012 14:25:00.000,1.31644,1.31649,1.31635,1.31645,219.84
01.02.2012 14:26:00.000,1.31645,1.31673,1.31641,1.31641,224.67
01.02.2012 14:27:00.000,1.31641,1.31643,1.31625,1.31638,197.43
01.02.2012 14:28:00.000,1.31639,1.31659,1.31637,1.31659,229.79
01.02.2012 14:29:00.000,1.31659,1.31677,1.31645,1.31658,176.91
01.02.2012 14:30:00.000,1.31659,1.31679,1.31659,1.31667,262.57
01.02.2012 14:31:00.000,1.31667,1.31716,1.31666,1.31709,343.03
01.02.2012 14:32:00.000,1.31709,1.31728,1.31706,1.31726,302.12
01.02.2012 14:33:00.000,1.31726,1.31735,1.31712,1.31712,223.72
01.02.2012 14:34:00.000,1.31712,1.31729,1.31696,1.31724,402.88
01.02.2012 14:35:00.000,1.31724,1.31801,1.31724,1.31800,344.71
01.02.2012 14:36:00.000,1.31799,1.31847,1.31791,1.31834,461.85
01.02.2012 14:37:00.000,1.31834,1.31842,1.31813,1.31815,347.94
01.02.2012 14:38:00.000,1.31815,1.31822,1.31796,1.31797,322.72
01.02.2012 14:39:00.000,1.31797,1.31843,1.31797,1.31824,354.19
01.02.2012 14:40:00.000,1.31824,1.31842,1.31783,1.31783,340.70
01.02.2012 14:41:00.000,1.31783,1.31787,1.31761,1.31769,350.21
01.02.2012 14:42:00.000,1.31768,1.31771,1.31704,1.31743,451.49
01.02.2012 14:43:00.000,1.31741,1.31743,1.31680,1.31680,396.80
01.02.2012 14:44:00.000,1.31677,1.31680,1.31627,1.31669,408.73
01.02.2012 14:45:00.000,1.31669,1.31679,1.31628,1.31679,334.08
01.02.2012 14:46:00.000,1.31679,1.31699,1.31663,1.31698,218.57
01.02.2012 14:47:00.000,1.31699,1.31699,1.31687,1.31694,194.02
01.02.2012 14:48:00.000,1.31694,1.31695,1.31670,1.31679,205.48
01.02.2012 14:49:00.000,1.31679,1.31715,1.31675,1.31709,238.02
01.02.2012 14:50:00.000,1.31714,1.31747,1.31710,1.31747,304.83
01.02.2012 14:51:00.000,1.31747,1.31751,1.31724,1.31748,337.26
01.02.2012 14:52:00.000,1.31749,1.31775,1.31742,1.31759,230.24
01.02.2012 14:53:00.000,1.31761,1.31761,1.31701,1.31702,358.96
01.02.2012 14:54:00.000,1.31702,1.31717,1.31701,1.31701,266.60
01.02.2012 14:55:00.000,1.31701,1.31725,1.31694,1.31700,311.39
01.02.2012 14:56:00.000,1.31699,1.31723,1.31699,1.31714,285.81
01.02.2012 14:57:00.000,1.31714,1.31720,1.31692,1.31702,225.88
01.02.2012 14:58:00.000,1.31702,1.31718,1.31683,1.31718,328.82
01.02.2012 14:59:00.000,1.31718,1.31720,1.31678,1.31678,359.20
01.02.2012 15:00:00.000,1.31674,1.31712,1.31662,1.31682,385.50
01.02.2012 15:01:00.000,1.31681,1.31681,1.31583,1.31583,414.38
01.02.2012 15:02:00.000,1.31583,1.31625,1.31565,1.31623,349.87
01.02.2012 15:03:00.000,1.31628,1.31676,1.31622,1.31660,350.49
01.02.2012 15:04:00.000,1.31660,1.31683,1.31650,1.31655,266.45
01.02.2012 15:05:00.000,1.31656,1.31774,1.31656,1.31749,359.44
01.02.2012 15:06:00.000,1.31750,1.31793,1.31732,1.31792,391.44
01.02.2012 15:07:00.000,1.31794,1.31888,1.31787,1.31866,510.95
01.02.2012 15:08:00.000,1.31866,1.31884,1.31840,1.31868,390.27
01.02.2012 15:09:00.000,1.31868,1.31964,1.31866,1.31963,400.41
01.02.2012 15:10:00.000,1.31962,1.31993,1.31917,1.31954,353.90
01.02.2012 15:11:00.000,1.31953,1.31965,1.31925,1.31930,301.51
01.02.2012 15:12:00.000,1.31933,1.31943,1.31883,1.31890,318.60
01.02.2012 15:13:00.000,1.31890,1.31916,1.31881,1.31893,299.05
01.02.2012 15:14:00.000,1.31896,1.31968,1.31896,1.31934,490.37
01.02.2012 15:15:00.000,1.31935,1.31956,1.31911,1.31912,407.80
01.02.2012 15:16:00.000,1.31911,1.31911,1.31827,1.31838,357.99
01.02.2012 15:17:00.000,1.31838,1.31876,1.31831,1.31866,413.17
01.02.2012 15:18:00.000,1.31865,1.31865,1.31797,1.31803,338.97
01.02.2012 15:19:00.000,1.31804,1.31807,1.31738,1.31738,453.62
01.02.2012 15:20:00.000,1.31739,1.31745,1.31693,1.31724,373.78
01.02.2012 15:21:00.000,1.31724,1.31760,1.31724,1.31754,337.45
01.02.2012 15:22:00.000,1.31755,1.31769,1.31735,1.31764,277.54
01.02.2012 15:23:00.000,1.31763,1.31792,1.31763,1.31766,336.53
01.02.2012 15:24:00.000,1.31765,1.31795,1.31765,1.31785,331.58
01.02.2012 15:25:00.000,1.31784,1.31796,1.31767,1.31786,267.36
01.02.2012 15:26:00.000,1.31791,1.31824,1.31771,1.31771,286.16
01.02.2012 15:27:00.000,1.31772,1.31774,1.31734,1.31734,252.71
01.02.2012 15:28:00.000,1.31729,1.31729,1.31684,1.31704,384.73
01.02.2012 15:29:00.000,1.31704,1.31710,1.31641,1.31678,309.88
01.02.2012 15:30:00.000,1.31678,1.31679,1.31635,1.31676,273.67
01.02.2012 15:31:00.000,1.31675,1.31698,1.31669,1.31698,279.66
01.02.2012 15:32:00.000,1.31698,1.31704,1.31677,1.31696,318.94
01.02.2012 15:33:00.000,1.31696,1.31726,1.31690,1.31696,353.65
01.02.2012 15:34:00.000,1.31695,1.31699,1.31654,1.31654,267.49
01.02.2012 15:35:00.000,1.31654,1.31717,1.31654,1.31700,293.05
01.02.2012 15:36:00.000,1.31700,1.31761,1.31690,1.31761,339.07
01.02.2012 15:37:00.000,1.31759,1.31759,1.31727,1.31727,288.60
01.02.2012 15:38:00.000,1.31724,1.31728,1.31721,1.31726,295.25
01.02.2012 15:39:00.000,1.31726,1.31738,1.31719,1.31732,229.46
01.02.2012 15:40:00.000,1.31732,1.31788,1.31728,1.31782,355.62
01.02.2012 15:41:00.000,1.31781,1.31781,1.31732,1.31761,295.89
01.02.2012 15:42:00.000,1.31760,1.31763,1.31752,1.31755,279.59
01.02.2012 15:43:00.000,1.31755,1.31756,1.31706,1.31723,310.52
01.02.2012 15:44:00.000,1.31724,1.31772,1.31721,1.31760,419.88
01.02.2012 15:45:00.000,1.31762,1.31777,1.31713,1.31713,361.68
01.02.2012 15:46:00.000,1.31712,1.31770,1.31712,1.31765,313.75
01.02.2012 15:47:00.000,1.31765,1.31827,1.31765,1.31799,317.04
01.02.2012 15:48:00.000,1.31796,1.31799,1.31767,1.31786,265.29
01.02.2012 15:49:00.000,1.31786,1.31827,1.31786,1.31805,283.93
01.02.2012 15:50:00.000,1.31805,1.31817,1.31793,1.31817,290.58
01.02.2012 15:51:00.000,1.31816,1.31874,1.31813,1.31867,279.26
01.02.2012 15:52:00.000,1.31867,1.31906,1.31852,1.31903,367.55
01.02.2012 15:53:00.000,1.31901,1.31943,1.31896,1.31934,381.15
01.02.2012 15:54:00.000,1.31934,1.31935,1.31885,1.31896,333.65
01.02.2012 15:55:00.000,1.31897,1.31907,1.31867,1.31884,309.58
01.02.2012 15:56:00.000,1.31883,1.31904,1.31864,1.31877,392.89
01.02.2012 15:57:00.000,1.31877,1.31881,1.31844,1.31872,269.17
01.02.2012 15:58:00.000,1.31873,1.31926,1.31872,1.31926,327.07
01.02.2012 15:59:00.000,1.31926,1.31989,1.31912,1.31982,400.18
01.02.2012 16:00:00.000,1.31980,1.31999,1.31957,1.31996,442.95
01.02.2012 16:01:00.000,1.31998,1.32005,1.31944,1.31961,361.87
01.02.2012 16:02:00.000,1.31966,1.32057,1.31958,1.32054,376.32
01.02.2012 16:03:00.000,1.32057,1.32113,1.32057,1.32073,501.20
01.02.2012 16:04:00.000,1.32073,1.32083,1.32048,1.32064,318.75
01.02.2012 16:05:00.000,1.32063,1.32064,1.32038,1.32046,383.78
01.02.2012 16:06:00.000,1.32046,1.32056,1.32008,1.32022,351.40
01.02.2012 16:07:00.000,1.32021,1.32087,1.32012,1.32077,332.76
01.02.2012 16:08:00.000,1.32077,1.32082,1.32054,1.32063,319.43
01.02.2012 16:09:00.000,1.32070,1.32174,1.32070,1.32151,536.48
01.02.2012 16:10:00.000,1.32151,1.32160,1.32111,1.32147,429.73
01.02.2012 16:11:00.000,1.32147,1.32147,1.32096,1.32104,295.93
01.02.2012 16:12:00.000,1.32105,1.32112,1.32079,1.32102,358.23
01.02.2012 16:13:00.000,1.32103,1.32113,1.32084,1.32111,321.94
01.02.2012 16:14:00.000,1.32112,1.32112,1.32063,1.32079,314.27
01.02.2012 16:15:00.000,1.32080,1.32096,1.32063,1.32063,297.32
01.02.2012 16:16:00.000,1.32063,1.32068,1.32038,1.32066,301.40
01.02.2012 16:17:00.000,1.32066,1.32067,1.32043,1.32064,295.89
01.02.2012 16:18:00.000,1.32063,1.32086,1.32044,1.32048,285.50
01.02.2012 16:19:00.000,1.32047,1.32047,1.32005,1.32013,313.28
01.02.2012 16:20:00.000,1.32013,1.32020,1.31951,1.31951,448.44
01.02.2012 16:21:00.000,1.31953,1.31954,1.31869,1.31907,381.32
01.02.2012 16:22:00.000,1.31907,1.31927,1.31892,1.31898,331.01
01.02.2012 16:23:00.000,1.31896,1.31919,1.31886,1.31912,273.63
01.02.2012 16:24:00.000,1.31912,1.31912,1.31873,1.31879,276.92
01.02.2012 16:25:00.000,1.31879,1.31928,1.31879,1.31917,238.88
01.02.2012 16:26:00.000,1.31917,1.31918,1.31877,1.31889,225.09
01.02.2012 16:27:00.000,1.31886,1.31927,1.31884,1.31926,226.38
01.02.2012 16:28:00.000,1.31925,1.31946,1.31924,1.31937,177.56
01.02.2012 16:29:00.000,1.31937,1.31954,1.31926,1.31926,242.95
01.02.2012 16:30:00.000,1.31926,1.31966,1.31926,1.31963,257.59
01.02.2012 16:31:00.000,1.31963,1.32002,1.31963,1.31979,307.54
01.02.2012 16:32:00.000,1.31977,1.32020,1.31977,1.32005,289.25
01.02.2012 16:33:00.000,1.32007,1.32030,1.31993,1.32006,294.57
01.02.2012 16:34:00.000,1.32005,1.32026,1.31980,1.32017,358.13
01.02.2012 16:35:00.000,1.32015,1.32054,1.32013,1.32035,357.84
01.02.2012 16:36:00.000,1.32034,1.32034,1.31943,1.31944,275.53
01.02.2012 16:37:00.000,1.31943,1.31966,1.31942,1.31964,276.10
01.02.2012 16:38:00.000,1.31964,1.31965,1.31914,1.31916,259.82
01.02.2012 16:39:00.000,1.31916,1.31936,1.31916,1.31925,188.58
01.02.2012 16:40:00.000,1.31925,1.31926,1.31894,1.31898,237.57
01.02.2012 16:41:00.000,1.31896,1.31916,1.31893,1.31900,194.53
01.02.2012 16:42:00.000,1.31901,1.31928,1.31896,1.31914,205.43
01.02.2012 16:43:00.000,1.31911,1.31923,1.31896,1.31916,258.93
01.02.2012 16:44:00.000,1.31917,1.31944,1.31896,1.31944,274.76
01.02.2012 16:45:00.000,1.31946,1.32026,1.31946,1.32026,400.21
01.02.2012 16:46:00.000,1.32032,1.32069,1.31972,1.31986,379.76
01.02.2012 16:47:00.000,1.31986,1.31991,1.31904,1.31912,314.41
01.02.2012 16:48:00.000,1.31914,1.31974,1.31912,1.31958,283.15
01.02.2012 16:49:00.000,1.31958,1.31959,1.31936,1.31937,183.06
01.02.2012 16:50:00.000,1.31937,1.31967,1.31937,1.31953,189.22
01.02.2012 16:51:00.000,1.31955,1.31986,1.31955,1.31976,141.06
01.02.2012 16:52:00.000,1.31975,1.32017,1.31965,1.32017,232.80
01.02.2012 16:53:00.000,1.32018,1.32042,1.32015,1.32030,288.39
01.02.2012 16:54:00.000,1.32028,1.32058,1.32025,1.32034,246.25
01.02.2012 16:55:00.000,1.32032,1.32057,1.32021,1.32054,299.06
01.02.2012 16:56:00.000,1.32054,1.32066,1.32031,1.32037,250.12
01.02.2012 16:57:00.000,1.32037,1.32054,1.32037,1.32047,219.27
01.02.2012 16:58:00.000,1.32043,1.32083,1.32038,1.32070,285.72
01.02.2012 16:59:00.000,1.32071,1.32074,1.32026,1.32026,274.14
01.02.2012 17:00:00.000,1.32027,1.32027,1.32006,1.32015,208.21
01.02.2012 17:01:00.000,1.32018,1.32031,1.32011,1.32027,168.55
01.02.2012 17:02:00.000,1.32029,1.32036,1.31983,1.31984,217.79
01.02.2012 17:03:00.000,1.31981,1.32035,1.31981,1.32024,230.32
01.02.2012 17:04:00.000,1.32023,1.32023,1.31964,1.31964,256.93
01.02.2012 17:05:00.000,1.31961,1.31961,1.31935,1.31945,238.88
01.02.2012 17:06:00.000,1.31945,1.31955,1.31915,1.31915,277.85
01.02.2012 17:07:00.000,1.31915,1.31951,1.31900,1.31945,219.88
01.02.2012 17:08:00.000,1.31946,1.31958,1.31943,1.31950,248.46
01.02.2012 17:09:00.000,1.31948,1.31965,1.31922,1.31965,206.80
01.02.2012 17:10:00.000,1.31968,1.31969,1.31942,1.31961,182.88
01.02.2012 17:11:00.000,1.31960,1.32009,1.31958,1.32004,306.70
01.02.2012 17:12:00.000,1.32007,1.32020,1.31994,1.32010,200.77
01.02.2012 17:13:00.000,1.32010,1.32067,1.32010,1.32038,276.86
01.02.2012 17:14:00.000,1.32038,1.32038,1.32013,1.32034,198.42
01.02.2012 17:15:00.000,1.32034,1.32058,1.32023,1.32054,201.02
01.02.2012 17:16:00.000,1.32055,1.32106,1.32055,1.32095,302.84
01.02.2012 17:17:00.000,1.32095,1.32106,1.32071,1.32072,286.88
01.02.2012 17:18:00.000,1.32072,1.32084,1.32068,1.32083,212.61
01.02.2012 17:19:00.000,1.32083,1.32083,1.32042,1.32046,255.79
01.02.2012 17:20:00.000,1.32044,1.32047,1.32022,1.32030,242.81
01.02.2012 17:21:00.000,1.32031,1.32040,1.32026,1.32032,169.38
01.02.2012 17:22:00.000,1.32032,1.32035,1.31998,1.32007,192.19
01.02.2012 17:23:00.000,1.32007,1.32033,1.32005,1.32024,187.35
01.02.2012 17:24:00.000,1.32022,1.32031,1.31993,1.31993,249.76
01.02.2012 17:25:00.000,1.31995,1.32012,1.31970,1.32000,282.14
01.02.2012 17:26:00.000,1.32000,1.32013,1.31986,1.31991,204.39
01.02.2012 17:27:00.000,1.31990,1.31995,1.31956,1.31962,227.44
01.02.2012 17:28:00.000,1.31958,1.31975,1.31951,1.31962,238.80
01.02.2012 17:29:00.000,1.31962,1.31980,1.31954,1.31973,180.45
01.02.2012 17:30:00.000,1.31974,1.31974,1.31931,1.31933,220.73
01.02.2012 17:31:00.000,1.31932,1.31946,1.31908,1.31938,261.08
01.02.2012 17:32:00.000,1.31938,1.31944,1.31926,1.31944,254.16
01.02.2012 17:33:00.000,1.31945,1.31964,1.31943,1.31951,184.85
01.02.2012 17:34:00.000,1.31950,1.31953,1.31913,1.31914,267.77
01.02.2012 17:35:00.000,1.31914,1.31933,1.31914,1.31921,214.03
01.02.2012 17:36:00.000,1.31921,1.31935,1.31912,1.31933,128.63
01.02.2012 17:37:00.000,1.31934,1.31949,1.31932,1.31934,182.89
01.02.2012 17:38:00.000,1.31934,1.31942,1.31924,1.31925,187.98
01.02.2012 17:39:00.000,1.31925,1.31925,1.31916,1.31924,165.41
